Name,Address 1,Address 2,City,State,Zip
60000AZ010 - 144 - Phoenix HDU JWLO,34 N 45th Avenue,,PHOENIX,AZ,85043
60000CA024 - 146 - Redding HDU NDLV,"3315 MONIER CIRCLE, UNIT 1",,RANCHO CORDOVA,CA,95742
60000CO009 - 161 - Grand Junction HDU NDLV,1445 4TH AVE,,GRAND JUNCTION,CO,81501
60000CT004 - 64 - Connecticut 1 HDU BESY,34 INDUSTRIAL PARK RD,,MIDDLETOWN,CT,06457
60000IA001 - 61 - Iowa HDU ESTS,5579 NE 22ND ST,,DES MOINES,IA,50313
60000IA002 - 186 - DES MOINES ESTS,5579 NE 22nd Street,,Des Moines,IA,50313
60000IL003 - 41 - Chicago HDU BESY,7 Greenwood Ave,,ROMEOVILLE,IL,60446
60000KS001 - 70 - Kansas City 1 HDU XPOL,10570 LACKMAN ROAD,,LENEXA,KS,66219
60000MA002 - 54 - New England 1 HDU ESTS,24 WILLIAMS WAY,,BELLINGHAM,MA,02019
60000ME001 - 55 - New England 2 HDU ESTS,75 POSTAL SERVICE WAY,,SCARBOROUGH,ME,04074
60000MI003 - 38 - Michigan 3 HDU NDLV,4100 MARKET PLACE,,FLINT,MI,48507
60000MI007 - 72 - Ohio 3 HDU XPOL,"47440 MICHIGAN AVE, SUITE 130",,CANTON,MI,48188
60000MI008 - 37 - Michigan 2 HDU,51292 DANVIEW TECHNOLOGY COURT,,SHELBY TOWNSHIP,MI,48315
60000MI009 - 36 - Michigan 1 HDU NDLV,5357 52nd Street Suite B,,GRAND RAPIDS,MI,49512
60000MN002 - 51 - Minnesota HDU NDLV,9405 HOLLY STREET SUITE H-J,,COON RAPIDS,MN,55433
60000MN004 - 121 - Minnesota 1,8701 EVERGREEN BLVD,,COON RAPIDS,MN,55433
60000ND003 - 63 - North Dakota 2 HDU ESTS,5015 E MAIN AVE,,BISMARCK,ND,58501
60000NE003 - 197 - OMAHA HDU JWLO,13205 Centennial Road,Suites 3 & 4,Omaha,NE,68138
60000NH001 - 120 - New England 4 HDU ESTS,572 MAMMOTH RD,,LONDONDERRY,NH,03053
60000NJ004 - 126 - New York City 1 HDU BESY,131 SEAVIEW DRIVE,,SECAUCUS,NJ,07094
60000NV009 - 147 - Reno HDU JWLO,716-718 SPICE ISLANDS,,SPARKS,NV,89431
60000NY006 - 127 - Albany HDU XPOL,2 VAN BUREN BOULEVARD,,ALTAMONT,NY,12009
60000NY007 - 128 - Buffalo HDU XPOL,2863 BROADWAY STREET SUITE 200,,CHEEKTOWAGA,NY,14227
60000NY008 - 129 - Syracuse HDU XPOL,4530 STEELWAY BOULEVARD SOUTH,,LIVERPOOL,NY,13090
60000OH004 - 18 - Ohio 1 HDU,12131 BENNINGTON AVE,,CLEVELAND,OH,44135
60000PA005 - 39 - Philadelphia HDU NDLV,11000 ROOSEVELT BLVD,,PHILADELPHIA,PA,19116
60000PA007 - 132 - Pennsylvania 3 HDU XPOL,381 FREIGHT STREET,,CAMP HILL,PA,17011
60000PA010 - 52 - Pennsylvania 1 HDU XPOL,200 Arlington Blvd,,LOGAN TOWNSHIP,NJ,08085
60000PA012 - 192 - HARRISBURG HDU AVFE,1001 AIP Drive,,Middletown,PA,17057
60000VA001 - 42 - Baltimore 1 HDU NDLV,4500 SOUTH GATE PLACE SUITE 300,,CHANTILLY,VA,20151
60000VA002 - 66 - Richmond HDU EINA,9888 MAYLAND DR,,HENRICO,VA,23233
60000VA003 - 69 - Norfolk HDU ESTS,129 ROBERT HALL CT,,CHESAPEAKE,VA,23324
60000VA006 - 170 - WASHINGTON DC HDU NDLV,4500 South Gate Place,Suite 300,Chantilly,VA,20151
60000VT003 - 56 - New England 3 HDU ESTS,"301 AVENUE D, SUITE 20",,WILLISTON,VT,05495
60000WA008 - 14 - Spokane HDU ESTS,6207 W THORPE RD,,SPOKANE,WA,99224
60000WI005 - 48 - Wisconsin 2 HDU,4330 SOUTH KANSAS AVE,,SAINT FRANCIS,WI,53235
60000WI010 - 215 - MADISON HDU XPOL,4772 Mcfarland Court,,Mc Farland,WI,53558
